<?xml version="1.0" encoding="UTF-8"?>
<project-private xmlns="http://www.netbeans.org/ns/project-private/1">
    <editor-bookmarks xmlns="http://www.netbeans.org/ns/editor-bookmarks/2" lastBookmarkId="0"/>
    <open-files xmlns="http://www.netbeans.org/ns/projectui-open-files/2">
        <group>
            <file>file:/C:/Users/jessi/Desktop/IS2Proyecto%20(1)/appweb/src/java/modelo/DemoService.java</file>
            <file>file:/C:/Users/jessi/Desktop/IS2Proyecto%20(1)/appweb/src/java/modelo/service/AbstractFacade.java</file>
            <file>file:/C:/Users/jessi/Desktop/IS2Proyecto%20(1)/appweb/src/java/modelo/service/ApplicationConfig.java</file>
            <file>file:/C:/Users/jessi/Desktop/IS2Proyecto%20(1)/appweb/src/java/modelo/service/UsuarioFacadeREST.java</file>
            <file>file:/C:/Users/jessi/Desktop/IS2Proyecto%20(1)/appweb/src/java/modelo/service/SprintFacadeREST.java</file>
            <file>file:/C:/Users/jessi/Desktop/IS2Proyecto%20(1)/appweb/src/java/modelo/service/RolFacadeREST.java</file>
        </group>
    </open-files>
</project-private>
